"","0050","0056","006205","00646"
"1",0.00404380791912384,0.00902184235517578,0.0219496449322143,0.00818833162743093
"2",0.00872629635844935,0.0117647058823529,0.00031585596967787,0.00507614213197982
"3",0.0111462319081683,0.0120930232558141,0.0123144932112409,0.0126262626262625
"4",0,0.00965073529411753,0.00530255770430421,-0.00897755610972573
"5",-0.00773280684435673,0.000910332271278902,0.0121005274588892,-0.0115752390538501
"6",0.00514010943458798,-0.000454752160072625,0.0150214592274678,0.00356415478615069
"7",0.00725833058396574,0.00636942675159236,0.00724856538810026,0.00456621004566204
"8",0.00540452014412041,-0.00135623869801094,-0.0098950524737631,0.0106060606060607
"9",0.000325785958625202,-0.00679040289723853,0,-0.00149925037481269
"10",0.00227975899690613,0.0045578851412944,-0.00454270139309532,0.000500500500500323
"11",-0.00893582453289998,-0.00408348457350272,-0.0222087009431091,0
"12",-0.00459016393442624,-0.0004555808656036,-0.00497822028624773,0.006503251625813
"13",0.000494071146245112,-0.00592525068368288,-0.000312695434646737,-0.00248508946322068
"14",-0.0186008230452676,-0.0137551581843189,-0.029715358148264,-0.00847035376183369
"15",-0.00536732640053672,-0.00418410041841,-0.034816247582205,-0.00603015075376867
"16",-0.0163575042158516,-0.0126050420168069,0,-0.00505561172901925
"17",-0.017658151894394,-0.0113475177304964,-0.0511022044088176,-0.00914634146341464
"18",0.000523560209424012,0.00191296030607369,0.00739176346356918,-0.00923076923076926
"19",-0.0150008721437292,-0.0147971360381861,-0.00524109014675056,-0.020703933747412
"20",0.00177085177970615,0.00436046511627897,-0.0175623463294696,0.0052854122621564
"21",0.0111366448647694,0,0.00858062209510191,0.0141955835962144
"22",-0.0164335664335665,-0.011577424023155,-0.0411201701524282,-0.0269569725246241
"23",0.00764308567365801,0.00292825768667648,0.0162661737523104,0.0122535961640917
"24",-0.00141118363026982,-0.0072992700729928,-0.0138232084394325,-0.0131578947368421
"25",0.00635930047694755,0.0132352941176472,0.0232386573220213,0.00426666666666664
"26",-0.0168509741969458,-0.00483792936623129,-0.0025234318673395,-0.0148698884758363
"27",-0.000357079093019075,-0.00631988332523092,-0.00180701120346949,0.0048517520215634
"28",0.0053580996606537,-0.000978473581213279,-0.0115858073859523,0.00321888412017168
"29",0.0211405222952568,0.0146914789422135,0.0109890109890109,0.0133689839572193
"30",-0.0100904662491301,0.000482625482625565,-0.016304347826087,-0.0137203166226912
"31",0.00509666080843574,0.00482392667631437,-0.0467771639042357,0.00856072766185134
"32",0.00577023955236933,0.00528084493518977,-0.00695517774343124,0
"33",0.015299026425591,0.0143266475644699,-0.00194552529182879,0.00265251989389914
"34",0.0190068493150686,0.0112994350282487,0.021832358674464,0.0164021164021164
"35",-0.0021845068055788,0.0027932960893855,-0.0198397558183899,-0.00156168662155132
"36",-0.000336813742000674,0.00742804085422466,-0.0011677695601402,-0.00573514077163706
"37",-0.00707547169811329,-0.00460829493087545,-0.00740452065471553,-0.0146827477713687
"38",-0.00237529691211402,-0.00277777777777788,-0.00196309383588522,-0.0122405534858968
"39",0.0188775510204082,0.00928505106778088,0.0413060582218725,0.000538793103448398
"40",0.00417292605575037,0.00781968721251158,0.00340007555723454,0.00646203554119551
"41",0.0123005319148937,0.00867183934276583,0.0143072289156627,0.0165864098448367
"42",-0.00114942528735629,0.00497737556561084,-0.00742390497401646,-0.00526315789473697
"43",0.00624691763932272,0.000900495272399882,0.0123410620792821,0.00264550264550278
"44",-0.00588139192942327,-0.000449842555105828,0.0022164758034724,0.00580474934036945
"45",-0.00147904683648326,0,-0.00479174345742717,-0.00839454354669467
"46",0.00493745885450969,0.00180018001800186,-0.0162962962962964,0.00634920634920633
"47",0.00311169341631179,0.00584007187780777,-0.0248493975903614,0.010515247108307
"48",0.00734693877551029,0.0084859312192942,-0.0135135135135135,-0.0104058272632674
"49",0.012965964343598,0.00841452612931803,0.0211350293542074,0.0194532071503681
"50",0.00608000000000009,0.000878348704435705,0.0233806055960137,0.00361010830324915
"51",0.00302162849872767,0,0.00262172284644202,-0.000513874614594068
"52",0.00348818772792137,0.00351031154014936,0.018677624206201,-0.00308483290488426
"53",-0.00742613367040601,-0.0126803672933976,-0.0216354968830216,-0.00103145951521399
"54",0.00111429481056979,-0.00132860938883961,0.00374812593703155,-0.00309757356737239
"55",0.00556527269836216,0.00576496674057636,0.00933532486930555,0.00776799585706889
"56",0.00316255534471854,0.00308641975308643,-0.0162782093969663,0.000513874614593846
"57",0.0110340479192939,0.00483516483516477,0.0195562241444152,0.00667693888032894
"58",-0.00795135640785782,-0.0126859142607174,-0.00811508668388039,0.000510204081632493
"59",-0.000785792865000801,-0.00221533008418262,0.00371885459278531,0
"60",0.0154136520918529,0.00710479573712264,0.0129677658391998,0.00407955124936277
"61",0.00139405204460963,0.00264550264550256,0.0146305779078273,-0.00253936008125955
"62",-0.00123743232791973,0,0.0219899062725308,-0.00101832993890016
"63",-0.00634969800216811,-0.00263852242744056,0.000705467372134061,0.00356778797145774
"64",0.00529925187032432,-0.00396825396825395,-0.00845964046528025,-0.00101574403250382
"65",-0.00496124031007739,-0.00796812749003983,-0.00959829363668685,-0.00203355363497726
"66",-0.000623247117482184,0.000892458723783962,-0.00502512562814073,0.00407539480387165
"67",-0.000311817898347333,-0.000891662951404304,0.00757575757575757,0.00202942668696093
"68",-0.0042108546475359,-0.00758589915216434,-0.0171858216970999,-0.00253164556962027
"69",0.0120595144870792,0.00404676258992809,0.00145719489981788,0.0035532994923857
"70",0.0030950170225934,0.00492610837438434,0.0123681338668606,-0.002023267577137
"71",-0.0137303301450169,-0.00579322638146174,-0.0111390585698886,-0.00152052711606698
"72",-0.0217425308931644,-0.0116539668310174,0.0127180232558139,0.0015228426395939
"73",-0.00943396226415083,-0.00453514739229033,0,0.00456158134820073
"74",0.00839386602098458,0,-0.0136347326874776,-0.00605449041372352
"75",0.00400192092204255,0.000455580865603711,0.0123681338668606,-0.0020304568527918
"76",0.00621811224489788,0.00227686703096541,-0.00143729787998559,-0.0025432349949136
"77",0.0129931864997623,0.004089050431622,0.0176322418136021,0.00866904640489552
"78",0.00594400125136874,0.00633484162895903,0.00318246110325315,0.00758341759352876
"79",-0.0020214585600995,0.000899280575539674,-0.00211491011632015,0.00200702458605106
"80",-0.00358367092552203,-0.00134770889487879,-0.00989049805722353,-0.00500751126690024
"81",0.00187646598905378,0,-0.00392436674991081,0.00754906894816298
"82",-0.0167004838457936,-0.0134952766531714,-0.0225644699140402,0
"83",-0.00142857142857145,-0.00364797081623336,0.00329791132282886,0.00299700299700301
"84",0.00302018756954392,-0.00320366132723116,-0.0029218407596785,-0.00199203187250996
"85",0.00174326465927099,0.00275482093663904,-0.00549450549450559,-0.00149700598802383
"86",0.00601170700838471,0.00686813186813184,0.00405156537753237,0.000999500249875052
"87",-0.0036169208995126,0,0.00403521643433602,-0.00249625561657518
"88",-0.0124684343434344,-0.00773078672123684,-0.00511508951406647,0.00400400400400391
"89",-0.0150231740450695,-0.0109990834097159,-0.00220345207491734,-0.011964107676969
"90",-0.0110335875385364,-0.0101946246524559,0.00920132499079873,0.00100908173562053
"91",-0.0116488925348647,-0.0145131086142322,0.00182348650619968,-0.00554435483870963
"92",-0.00581009296148738,-0.00902612826603333,0.0010921004732436,0
"93",-0.00417431958590753,-0.00431447746883984,-0.00581818181818183,-0.00405473897617847
"94",0.000670690811535923,0.000481463649494529,-0.0263350402340892,0.00458015267175571
"95",0.00234584450402142,-0.000481231953801786,-0.0120210368144252,0.00506585612968591
"96",0.000334336342360464,0.00577756379393368,0.00570342205323193,0.00907258064516125
"97",-0.00083556149732622,-0.00287218764959318,-0.00491493383742903,-0.00549450549450547
"98",-0.00986787088141827,-0.0115218434949591,0.00645896656534939,-0.00100452034153686
"99",0.00439189189189193,0.00777076250607101,-0.00339750849377118,-0.00301659125188547
"100",0.00285906491759169,0.0038554216867468,0.00492424242424261,0.00806858295511859
"101",0.000838504108670035,0.000960153624580018,-0.0162080663399925,-0.00800400200100049
"102",-0.00167560321715821,-0.00239808153477217,0.00919540229885052,0.00151285930408473
"103",0.00772071164820409,0,0.00303720577069111,0.00100704934541795
"104",0.0184876748834111,0.0153846153846153,0.00416351249053748,0
"105",0.00670482420278007,0.00710227272727271,-0.0082924990576706,-0.00150905432595561
"106",0.00795971410006491,0.0084626234132581,0.0068415051311288,0.0130982367758186
"107",0,0.00139860139860137,-0.00792751981879947,0.00149179512680275
"108",0.00612409347300558,0.00884543761638734,0.00114155251141534,0.000993048659384321
"109",0.00720807304180693,0.00692201199815412,0.00266058532877245,0.00694444444444442
"110",0.00349872773536886,0.00183318056828585,0.0272934040940107,0.000492610837438345
"111",0.00776545166402531,0.00777676120768533,0.00885608856088549,-0.00147710487444597
"112",0.00314514860827164,0.00272355878347708,-0.00512070226773964,-0.000986193293885607
"113",0.000627057532528674,-0.00226346763241292,0,0.00246791707798599
"114",0.00109666301112332,0,0.000367647058823639,-0.00738552437223039
"115",0.00438184663536778,-0.000907441016333888,-0.00257258360896728,-0.00297619047619047
"116",0.00779058896852591,0.00862851952770205,-0.000736919675755288,0.0044776119402985
"117",0.0103586889301173,0.00810445745159827,-0.00774336283185839,-0.00247647350173352
"118",-0.0206579954093342,-0.0111656989727557,-0.0144927536231885,-0.00397219463753729
"119",0.00015625000000008,0.00135501355013545,-0.0177224736048265,-0.00348953140578268
"120",0.00359318856428659,0.00360847992783042,0.00422264875239931,-0.00300150075037509
"121",-0.0121419676214196,-0.00494382022471906,0.00229357798165131,-0.00150526843953847
"122",0.0116608887488181,0.00587172538392045,0.00686498855835249,0.00402010050251267
"123",0.00482866043613717,0.0058374494836102,-0.00151515151515147,0.00150150150150163
"124",0.00356533870717701,0.0066964285714286,0.00606980273141122,-0.00249875062468774
"125",0.00108124806919996,0.000886917960088773,-0.00452488687782804,-0.00100200400801598
"126",-0.000925783058170038,-0.00221533008418262,0.00113636363636371,0.00300902708124373
"127",-0.0205405405405406,-0.0159857904085258,-0.0162693908437381,-0.0255000000000001
"128",0.00141911069063383,-0.00541516245487372,0.00730769230769246,0.00153925089789642
"129",0.002361832782239,0.00725952813067154,0.00343642611683848,-0.00461065573770492
"130",0.0153942821237827,0.013063063063063,0.00837138508371371,0.00926402470406584
"131",0.00928217821782162,0.00355713650511347,0.00528301886792448,0.0101988781234064
"132",0.0141017780502759,0.00930438635356667,-0.000375375375375464,0.00959111559818271
"133",0.00438331318016938,0.00746268656716409,0.010514457378896,0.00500000000000012
"134",-0.00511662904439436,-0.000871459694989141,0.00743218134522472,-0.00199004975124395
"135",-0.0181515655725307,-0.0113388573920628,-0.00147547030616002,-0.00598205383848438
"136",0.0100138653520259,0.00661667401852672,0.00332471370520881,0.00802407221665002
"137",0.0218120805369126,0.0219106047326907,-0.00110456553755522,0.0129353233830845
"138",0.00671742051052404,0.00686106346483695,0.003317360855142,0.00098231827111972
"139",0.000889679715302627,0.00809199318568998,0.0154298310066128,0.00343473994111876
"140",0.00251851851851859,0.00549218419940845,-0.0028943560057888,-0.000977995110024388
"141",0.00901433426924791,0.00588235294117645,-0.00108853410740195,0.00244738130200695
"142",0.00864089045108374,0.00626566416040086,-0.00217944061024344,0
"143",0.00435603310585164,0.00249066002490661,-0.00873680378594821,0.00146484375
"144",-0.000578285383836974,-0.00165631469979288,-0.00403966213734852,-0.00195026816187238
"145",0.00867929986981064,0.00663625051845718,0.00589970501474935,0.00341963849535909
"146",-0.00458912949949819,0.000412031314380057,-0.00366568914956011,-0.00438169425511192
"147",-0.0069154300533063,-0.00329489291598029,-0.00257542310522441,0.00488997555012238
"148",0.00333671840998107,-0.00206611570247939,0.00368867576540022,0.000973236009732314
"149",0.00867553499132456,0.00869565217391299,-0.00808526277104016,0
"150",-0.0100344036697249,0.000821018062397316,-0.00222304557243413,-0.0019445794846864
"151",-0.00289603243556336,0,0.00111399925733391,-0.00487092060399419
"152",0.00595410978797561,0.00492206726825262,-0.0077893175074184,-0.00391581008321085
"153",-0.000433087916847152,0.00285714285714289,-0.00411214953271022,0.000491400491400285
"154",-0.00938763720392821,-0.00488400488400498,0.00337837837837829,-0.00785854616895876
"155",0.0014579384749962,0.000817995910020519,-0.00187055742611297,0.00297029702970297
"156",0.0126655990682778,0.00449530036779722,0.000749625187406178,0.000987166831194486
"157",0.00603795284646358,0.00203417412530515,-0.00374531835205982,0.00345167652859968
"158",0.00400114318376676,0.00284206252537555,0.00601503759398492,0.000982800982801013
"159",0.00227725590663241,-0.00242914979757081,0.00112107623318369,-0.0044182621502209
"160",-0.00383413802896904,-0.0044642857142857,0.00149309443822321,-0.00443786982248517
"161",0.00199572344975052,0.00163065633917658,-0.000372717107715137,0.00198117880138682
"162",0,0.000814000814000737,0.0406413124533931,0.00494315373208098
"163",-0.00256081946222797,0.000813338755591753,0.0118237190970978,-0.00295130349237571
"164",-0.00156896305805165,-0.0028443722064202,-0.00849858356940503,-0.000493339911198709
"165",-0.000142857142857222,0.00611246943765287,0.00357142857142856,0.00394866732477772
"166",-0.00542934704957843,0.00445524503847716,-0.00676156583629894,0.00344149459193699
"167",-0.0130728343628789,-0.0169354838709678,-0.00107488355428165,0.00489955903968653
"168",0.00902474526928665,-0.000410172272354292,0.00358680057388816,0.00195026816187216
"169",0.000144258511252326,0.0024620434961018,-0.00536097212294506,0
"170",0.00851002452040972,0.00736799017601308,-0.00898311174991018,-0.0024330900243309
"171",0.00257437070938193,0.00446972775294596,0.00108774474256701,-0.00292682926829257
"172",-0.00485021398002838,-0.00566343042071205,-0.00217312567910177,-0.000978473581213279
"173",0.00329701834862361,0.00569568755085448,0.000362976406533599,0.00440744368266399
"174",-0.00385769395627944,-0.000809061488673102,0.00217706821480412,-0.00146270112140423
"175",-0.0114744693057945,-0.0117408906882591,0.000724112961622003,0.00048828125
"176",0.00290191526407435,-0.00245800901269966,-0.00325615050651229,-0.00390434358223513
"177",0.0146122685185184,0.0106776180698152,0.00326678765880217,0.00146986771190605
"178",0.0072722087551691,0.00853311661926059,-0.00723589001447178,-0.00342465753424659
"179",0.0128822197055491,0.00725221595487513,0.00437317784256552,-0.0044182621502209
"180",0.000419287211740116,0.00239999999999996,-0.00362844702467335,0.000493096646942748
"181",-0.0143894942721431,-0.0047885075818036,0.000364166059723114,0.000492853622474199
"182",-0.0167257264351522,-0.0132317562149159,-0.0189297415362213,-0.0113300492610837
"183",-0.00720772668300418,-0.0028443722064202,-0.0025974025974026,-0.00548081714000992
"184",-0.000726005517642125,-0.00203748981255092,0.00223214285714302,0.0140280561122244
"185",-0.00130775937227534,-0.00612494895875859,-0.00148478099480331,-0.0083992094861659
"186",0.0229885057471264,0.013557929334429,-0.000743494423791846,0.00448430493273544
"187",0.00682690940122321,0.00445885691122827,-0.00223214285714279,-0.00694444444444442
"188",0.00508546404859445,0.00363196125907983,-0.00298284862043263,-0.00549450549450547
"189",0.00520028109627524,0.00603136308805774,0.0086013462976815,0.00853842290306361
"190",0.0032158836689038,0,0.000741564701520092,0.0054780876494025
"191",-0.00822299651567948,-0.00519584332533973,-0.00815116709892549,-0.00495294700346716
"192",0.0101180438448567,0.00723182000803524,-0.00448262980948833,0.00597312095569946
"193",-0.0114079020589871,-0.00119664938173125,-0.00300187617260783,-0.00890648193963384
"194",0.00379960596678863,0,0.00338727888596169,0.00199700449326001
"195",0.00392541707556426,0.000798722044728528,-0.00150037509377343,-0.00348779272546085
"196",0.000279290601871152,0.000798084596967286,0.00300525920360628,-0.002
"197",-0.000279212620410418,0,0.00262172284644202,0.00450901803607207
"198",0.00111716240748505,0.000398724082934621,0.00261486738886818,0.00199501246882794
"199",0.00223183149672201,-0.00797130330809082,0.00745156482861398,0.0039820806371329
"200",0.00153096729297153,0.00200883889112102,-0.00443786982248506,-0.00545364402578097
"201",-0.00166759310728171,-0.0016038492381717,-0.000371471025260139,-0.00348953140578268
"202",-0.00417594654788411,-0.0072289156626506,-0.000743218134522494,0.00200100050025021
"203",-0.00740844282918651,-0.00566343042071205,0.004090740052064,-0.00299550673989024
"204",0.00929446556822988,0.00813669650122062,-0.00518518518518518,0.00150225338007015
"205",0.0111622715222548,0.00645682001614212,0.00744601638123599,0
"206",0.00193183386228779,0.00160384923817158,-0.00258684405025866,0.00099999999999989
"207",0.00234127530643158,-0.000800640512409911,0.00444609114486849,0.000999000999001076
"208",-0.000137400384721098,0.00320512820512819,0.00995942456658061,0.00249500998004004
"209",0.00535935138106369,0.00878594249201292,0.00365230094959834,0.00447984071677454
"210",-0.00164024056861656,-0.056215360253365,-0.00509461426491997,-0.00743310208126846
"211",-0.00479189485213594,-0.00419463087248328,-0.00475493782004388,0.000499251123314837
"212",-0.00192598706837255,0.000421229991575567,0.00514516721793457,-0.000499001996007831
"213",-0.00551343900758083,-0.0025263157894736,-0.00840950639853755,-0.00549176235646531
"214",0.00401940401940393,0.000844238075137227,0.0025811209439528,0.00100401606425704
"215",-0.00993926007730539,-0.0143399409531842,-0.00147112909157787,-0.0115346038114343
"216",-0.00585610708310103,-0.0098416773641421,0.00184162062615112,-0.00456621004566204
"217",-0.00406732117812048,-0.00475367329299914,0.00514705882352939,-0.00152905198776765
"218",0.011547669342346,0.00868432479374714,-0.00329188002926117,0.00918836140888213
"219",0.0052902686899623,0.00430477830391718,0.00440366972477069,0.0101163378856854
"220",-0.0199418363107603,-0.0210030004286326,-0.0138838143953235,-0.0235353029544316
"221",0.0163911261834111,0.0140105078809107,0.0174138569840683,0.0307692307692309
"222",-0.0240511608508273,-0.0181347150259068,0.00327749453750914,0.00995024875621886
"223",-0.00569800569800583,-0.00659630606860151,0.0127041742286751,0.00640394088669938
"224",0.00186246418338132,0.00531208499335989,-0.00215053763440853,0.00146842878120412
"225",0.00486200486200472,0.00396301188903569,-0.00431034482758619,0.00244379276637341
"226",-0.00298847303258853,-0.00745614035087727,-0.00324675324675328,0.00195026816187216
"227",0.00157008278618331,0.00618647812638096,0.00506695620702136,0.00340632603406332
"228",0.00313524298133094,0.00570926657883186,0.00432120993878282,0.00533462657613959
"229",0.0117914476488137,0.0131004366812228,0.00358551452133371,0
"230",0.00716090985678197,0.000862068965517215,0.00678813862093608,0.00723589001447178
"231",-0.00529764394256249,-0.00344530577088709,-0.00212916962384668,-0.000957854406130276
"232",0.00126138752627902,0.00388936905790849,-0.000711237553342792,0.00191754554170664
"233",0.00475923852183646,0.00301334481274207,0.0120996441281138,-0.0023923444976075
"234",0.000557258289217044,-0.000858369098712397,0.00457102672292553,-0.00479616306954445
"235",-0.00139236981342239,-0.000859106529209619,0.00385019250962548,-0.000481927710843433
"236",0.00320691578360299,0.00300945829750621,0.00174337517433765,0.00337512054001921
"237",-0.011952744961779,-0.00771538791255888,-0.00522102332057095,-0.00864968765016816
"238",-0.00112533408355608,-0.00604751619870403,-0.0125962211336599,-0.000969461948618466
"239",0.0140825235882269,0.00564971751412435,0.000708717221828525,0.0111596312469675
"240",0.00138869601444247,0.00216076058772696,-0.00495750708215292,0.00719769673704418
"241",0.0094300374427958,0.0056058645968089,0.00284697508896792,0.0157217722725107
"242",0.00398406374501992,0.00385934819897082,0.00390347764371901,-0.00422138836772978
"243",0.000547345374931618,-0.00341734301580532,-0.0137857900318133,0.0108337258596327
"244",-0.00341903719912473,-0.00214316330904407,-0.0114695340501793,0.00139794967381168
"245",0.00288184438040329,0.000859106529209619,0.00435097897026826,0.00186133085155893
"246",-0.00492610837438423,-0.00128755364806876,-0.0151624548736461,-0.000928936367858735
"247",-0.0020627062706271,0.00171895143962186,-0.00549853372434028,0.00325430032542995
"248",-0.00771668733636477,-0.00858000858000851,-0.00184297825285662,-0.00231696014828531
"249",-0.00333287043466202,-0.00432713111207261,-0.00664697193500741,0.00325127728750574
"250",-0.000836003901351523,0.000434593654932591,0.0033457249070632,0.00601851851851842
"251",-0.0100404406637846,-0.0039096437880104,0.000370507595405689,-0.00644270593649332
"252",-0.00605719115368353,-0.00392498909725247,-0.00111111111111117,-0.000463177396943126
"253",0.00184240362811794,-0.000437828371278481,-0.00889877641824244,-0.00139017608897118
"254",0.000565850898288422,0.00219010074463433,0.0115974560419005,0.000464037122969829
"255",0.00904849427399967,0.00349650349650354,-0.00110946745562124,0.00278293135436014
"256",-0.000280229788426678,0.000435540069686269,-0.00185116623472792,-0.00323774283071232
"257",0.00588647512263485,0.00391815411406182,0.00148367952522244,-0.00046403712296994
"258",-0.000139333983558476,0.00173460537727688,0.00851851851851859,0.000928505106777999
"259",0.00236900780379035,0.00389610389610384,0.00367242012486213,0.00371057513914663
"260",0.00444876963714713,0.00258732212160417,0.00512257592389309,-0.00231053604436238
"261",0.00456747404844293,0.00344086021505374,0,-0.00277906438165809
"262",0.00179112703224016,0.000428632661808814,-0.000364033491081162,0.00371574547143516
"263",-0.00343831660019256,0.0004284490145674,0,0
"264",0.000690035881866002,0.00556745182012852,-0.00582665695557172,-0.00277649236464594
"265",0.00744724865535784,0.00298126064735937,-0.00402930402930401,-0.000928074245939658
"266",-0.00533880903490758,-0.000424628450106268,-0.00294225818315563,-0.002322340919647
"267",-0.00894577484172843,-0.00594732370433304,-0.0059018812246403,-0.00698324022346375
"268",0.00388834884043887,0.00213675213675213,0.00927643784786647,0.00281293952180039
"269",-0.00193664407248584,-0.000426439232409259,0.00588235294117645,-0.00561009817671809
"270",-0.00304920304920309,-0.00255972696245743,0.00109649122807021,0.00329102021626704
"271",0.00291950507437777,0.000427715996578426,0.00182548375319458,-0.00187441424554824
"272",0.0101192126420848,0.00213766566908946,0.00583090379008744,-0.00140845070422535
"273",0.00439138191299571,0.00341296928327628,-0.00398550724637692,-0.000470145745180894
"274",-0.000956414810766359,0.00212585034013602,0.00254638050200073,0
"275",-0.00328227571115991,0.00042426813746288,-0.00544267053701009,-0.00470366886171225
"276",0.00452799121844127,0.0114503816793894,-0.00291864283108356,0.000472589792060552
"277",0.00163912033875158,0.0054507337526204,-0.00292718624222454,0.00188946622579111
"278",-0.0227737624437475,0.005838198498749,-0.00403669724770639,-0.00424328147100428
"279",0.00418643594752988,0.00165837479270303,0.0103168754605749,0.00284090909090895
"280",0.00944969427459719,0.00827814569536423,0.00510576221735959,0.00613786591123699
"281",0.00536894273127753,-0.00205254515599351,0.00399129172714097,0.00281557954012213
"282",0.00369711077639323,0.00493624023035788,-0.00325262016624517,0.0014038371548899
"283",0.00422919508867681,0.00491199345067539,0.00217548948513424,-0.000934579439252348
"284",0.000135851107186502,-0.0032586558044807,-0.00397973950795949,0.00140318054256316
"285",-0.00230915512089114,0.000408663669799747,0.00145296040682896,0.000467071461933699
"286",0,-0.00122549019607843,-0.00544069640914036,-0.00466853408029888
"287",-0.00204220558202872,-0.000408997955010149,0.00729394602479938,0.00656660412757981
"288",-0.00122783083219646,-0.00818330605564654,0.00543084721216514,0.00232991612301969
"289",0.00204890042343941,0.00536303630363055,-0.00360100828231902,0.00371920037191997
"290",-0.000817884405670655,0.00369306524415269,0.00036140224069392,0.00138953219082905
"291",-0.00272851296043664,-0.000817661488143884,-0.00361271676300579,-0.00231267345050878
"292",-0.00629274965800264,0.0028641571194763,-0.00072516316171134,0.000927213722763165
"293",-0.000825991189427389,0.00285597715218255,-0.00217706821480401,0.016674386289949
"294",-0.00606227610912091,-0.0040683482506102,-0.00872727272727269,0.00318906605922553
"295",0.000138619351261582,-0.000816993464052285,0.00293470286133513,-0.00408719346049047
"296",0.00415800415800405,0.00122649223221583,-0.00182882223847847,-0.000455996352029087
"297",0.00276052449965491,0.00244997958350357,-0.00109930377427625,-0.00866788321167888
"298",-0.00743289745354447,-0.00203665987780044,-0.00733675715333837,0.00552231937413716
"299",-0.00526972680626814,-0.0061224489795918,0.00147819660014803,0.00366132723112123
"300",0.00906175937543563,0.004517453798768,0.00110701107011058,-0.000455996352029087
"301",0.00759878419452908,0.00367947669664748,0.00368595650571324,-0.000912408759124239
"302",-0.00123406005758953,0.00244399185336053,-0.0029379360998899,-0.00684931506849307
"303",0.0116694124107632,0.00609508329947195,0.00331491712707188,0.00229885057471257
"304",0.00379970145202879,0.00161550888529893,-0.00146842878120412,-0.00275229357798179
"305",0.000675949709341594,0.00403225806451601,-0.0102941176470588,-0.00505979760809561
"306",0.00797081869764926,0.00642570281124488,0,-0.000462320850670328
"307",-0.00656748425144071,-0.00319233838786903,-0.00408618127786042,-0.0124884366327475
"308",0.00364274150026977,0.00120096076861498,0.00261096605744116,0.00374707259953144
"309",-0.00255410673477618,-0.00119952019192326,0.000744047619047672,-0.00046663555762938
"310",0,-0.00320256204963976,0.00594795539033455,-0.0163398692810458
"311",0.00121293800539091,-0.00562248995983927,-0.00702143385070209,0
"312",-0.00107686095032999,0.00121163166397409,-0.00334946036471906,0.0123398196487896
"313",-0.00242554911736947,-0.000403388463089849,-0.00448095593726661,0.00375058602906719
"314",-0.00229636633797115,-0.000807102502017765,0.00225056264066015,0.00747314339093874
"315",0.00920660709450316,0.0052504038772212,0.0116017964071857,-0.00370885489105244
"316",-0.00147571773544408,-0.00120530333467261,0.00332963374028861,-0.0107026523964633
"317",-0.00779255676474555,-0.00402252614641985,0.00294985250737456,0.000470366886171192
"318",0.00365605958023041,0.00201938610662356,0.00257352941176481,0.00376116596144804
"319",-0.00134916351861858,-0.00644901249496177,-0.00733406674000736,0.00140515222482418
"320",-0.00108078897595243,-0.00730223123732254,0.0040635389730328,0
"321",0.00527454692994311,0.000408663669799747,-0.00367917586460642,-0.00888681010289982
"322",-0.00901385712363789,-0.00735294117647056,-0.0059084194977842,-0.00283152430391709
"323",-0.000407276676622326,-0.00781893004115231,-0.00854383358098065,-0.0056791292001892
"324",0.0016297704739916,0.00456242223143932,0.00262270513300855,0.00761542122798664
"325",-0.0116610169491526,-0.00536746490503714,-0.00859491778774291,-0.00188946622579134
"326",-0.00274386061188092,-0.00332088003320874,0.00113079532604599,0.00378608613345954
"327",0.00907965332232763,0.00291545189504361,0.00489457831325302,0.00377180575200375
"328",0.00408997955010237,0.000415282392026706,-0.010116148370176,0.00281822451855351
"329",0.00706042090970804,0.00415110004151109,0.00113550340651014,0.00327868852459012
"330",0.0053930160442226,0.00785448532451416,-0.00151228733459352,-0.000466853408029988
"331",-0.00321845246077501,0.00123051681706321,-0.00643695569859903,0.00326950023353567
"332",0.00201802771424742,0.00204834084391647,0.00266768292682928,0.00186219739292359
"333",0.0103383458646615,0.00367947669664748,0,-0.00371747211895901
"334",0.00332225913621254,0.000407331975559977,-0.0057012542759407,-0.000466417910447881
"335",0.000132450331125966,0,-0.00191131498470953,0.00279981334577695
"336",-0.00357568533969022,0,-0.00689391037916509,-0.00139599813866909
"337",0.00279106858054234,0.000407166123778557,-0.00539915156189741,0.00465983224603894
"338",0.00994035785288272,-0.000814000814000848,0.000387747188832943,-0.00139146567717985
"339",-0.00078740157480317,-0.0032586558044807,0.00813953488372099,0.00185787273571747
"340",0.00302075124770163,0,-0.00576701268742796,-0.000463606861381582
"341",-0.000785648814979778,0.0024519820187987,0.00889404485692191,-0.00556586270871973
"342",0.00170357751277672,0.00529963310232362,0.0118819471061709,0.0013992537313432
"343",-0.000654107796964953,0.00405515004055146,-0.00568181818181812,0.00186306474149989
"344",-0.00274905092289557,-0.00161550888529893,0.00380952380952393,-0.00418410041841
"345",-0.00630086636912586,-0.00485436893203872,-0.00303605313092992,-0.00653594771241828
"346",0.00158520475561419,0.00284552845528463,0.00190331176246672,0.00140977443609014
"347",0.00237404378791894,0.00283745439805427,-0.00113981762917936,0.00281557954012213
"348",0.00249999999999995,0.000808407437348446,0.00342335488779,0.0032756200280768
"349",0.00196876230476439,-0.0012116316639742,-0.000379075056861189,0.00606343283582089
"350",0.0074665968037726,0.00283057015770316,0.00985968904057644,0.00278164116828927
"351",-0.000260044207515242,0.00362903225806455,0.0153961697333833,-0.000462320850670328
"352",-0.0026011184809468,-0.00160707111289671,0.00739644970414188,-0.000462534690101823
"353",-0.000260790194288596,-0.000402414486921576,0.00477239353891346,-0.000925497454882018
"354",0.00665188470066536,0.000402576489533013,0.00219218122031406,0.00602130616025942
"355",0.00194350868100535,0.00160965794768608,0.001458257382428,-0.00138121546961312
"356",0.00297426613216101,0.00241060666934501,-0.00509646887513648,0.000461041954817887
"357",0.00412583806085598,0.00200400801603218,-0.00329308452250276,-0.00460829493087545
"358",0.00128402670775563,-0.000800000000000023,0.012848751835536,0
"359",0.00192357014619127,-0.000400320256205067,0.00253715114171804,0.00324074074074066
"360",0.000255983617048594,0.00280336403684411,0.00976138828633411,-0.00138440239963089
"361",-0.0115163147792707,0.00159744408945683,0.00286430361618328,-0.0027726432532349
"362",-0.00142394822006475,0.00279106858054234,-0.00321313816494107,0.00880444856348483
"363",-0.0032408607726212,-0.00159045725646123,-0.000716332378223661,0.00275608635737257
"364",-0.0014306151645207,-0.00597371565113491,-0.00501792114695332,0.000916170407695871
"365",0.00677259703047661,0.0016025641025641,0.00324207492795381,0.00320366132723104
"366",0.0135834411384217,0.00760000000000005,0.00359066427289045,0.00273722627737216
"367",0.0121250797702617,0.00396982929734002,0.00143112701252224,0.00864422202001824
"368",0.00491803278688518,0.00237247924080664,-0.00142908181493384,0
"369",0.00112937633329158,0.00710059171597632,0.0132379248658319,-0.000902119981957772
"370",-0.000250689395838499,-0.00117508813160994,-0.00317796610169496,0.00180586907449221
"371",0.0135406218655967,0.00588235294117645,0.012398157987956,-0.00270392068499337
"372",0.00432953983176643,0.00428849902534134,0,-0.00180750112968819
"373",-0.00825224781377021,-0.00582298136645976,0.0041987403778867,-0.00814848347668629
"374",0.00397416790859428,0.00117141741507232,0.00418118466898965,0.00638977635782756
"375",-0.00903018307768433,-0.00390015600624027,0.00277585010409442,-0.00589569160997727
"376",0.00362002246910498,0.00509005481597513,0.00138408304498272,0.00319343065693412
"377",-0.000995024875622086,0.00116867939228671,-0.00691085003455438,0.00227376080036379
"378",-0.000747011952191068,-0.00350194552529182,0,0.00181488203266778
"379",0.00112135559431836,0.00117141741507232,0.00974251913709123,-0.000452898550724501
"380",-0.00497822028624761,-0.00234009360374421,0.0020675396278429,-0.00679655641141819
"381",0.00337711069418378,0,0.00378266850068787,0.00821167883211671
"382",0.012715033657442,0.00703674745895233,0.00411099691675232,0
"383",0.00430822255046781,0.00659937888198758,0.00511770726714444,-0.00135746606334852
"384",0.00710871430322335,0.00308522946394141,-0.00169721656483368,0.00135931128228362
"385",-0.00219058050383358,0.00153787004998085,0.00578034682080908,0.000904977375565608
"386",0.00341505061592873,0.00268714011516313,0.00608519269776897,0.00361663652802879
"387",-0.000850856934483946,-0.000765696784073455,-0.00403225806451613,0.000900900900900892
"388",0.00620437956204367,0.00536398467432941,0.00742240215924417,0
"389",-0.000120904364647401,0.000762195121951414,0.0117213663764233,0.00720072007200723
"390",-0.00616686819830714,-0.00495049504950507,0.00364117841774236,0.00402144772117952
"391",-0.00133836233118378,-0.00497512437810943,-0.00197889182058042,-0.00445037828215389
"392",0.00268031189083828,0.00538461538461532,0.000660938532716537,-0.000447027268663414
"393",0.000607533414337835,0.000765110941086444,-0.00528401585204752,0.00223613595706618
"394",0.00534304796599883,0.00114678899082565,-0.00332005312084993,-0.00178491744756804
"395",-0.00676410194467936,0,0.000666222518321158,-0.00581135449262415
"396",-0.0107016903806398,-0.00381825124093171,0.00432756324900141,0.00134892086330951
"397",0.00651505838967426,0.00306630893062487,0.00530328140536951,-0.000898069151324621
"398",0.00683927699071818,0.00382116927779896,0.0056050115397297,0.00449438202247188
"399",-0.00376031052886949,-0.00114198705748003,-0.00295081967213118,-0.000447427293064906
"400",0.00146109825885787,0.000762195121951414,-0.00493258796448537,-0.00447627573858556
"401",0.00693009118541021,0.00304645849200291,-0.0056179775280899,0.00179856115107935
"402",0.0008452064718667,0.00113895216400905,0.00365569956796286,0
"403",-0.0079623597538907,-0.00265453166477059,-0.000993377483443636,-0.00179533213644534
"404",-0.0071749969597471,-0.0140684410646388,-0.00364600596619169,0.000449640287769837
"405",-0.00698187163155328,-0.00617045892788282,-0.00632069194943441,-0.00898876404494375
"406",0.000123350191192806,-0.00737291424136599,-0.00569132909273529,0.00589569160997727
"407",0.00172668968919587,0.00195465207193113,0.00909090909090904,0.00541027953110906
"408",-0.00504801772962316,0.000390167772142069,-0.005005005005005,0.000896860986547177
"409",0.00866229427051102,0.00663026521060828,0.0057008718980549,-0.00134408602150538
"410",-0.00687032265979637,-0.00581170089112737,0.000333444481493972,-0.0121130551816958
"411",0.000494132180358209,-0.000389711613406174,0.0063333333333333,-0.00227066303360579
"412",0.00975429065316713,0.00389863547758296,0.0052997681351441,0.00136549840691869
"413",0.00293470286133513,0.00466019417475727,0.00329489291598017,0.00409090909090915
"414",0.00426725188978305,0.00154619250096633,0.00131362889983566,-0.000905387052965168
"415",0.0033992958601432,0.00115785411038205,0.00229583469990158,-0.00407793384685096
"416",-0.000725952813067199,0.000771010023130181,0.0222513089005236,-0.0013648771610556
"417",-0.00484320135609639,-0.00269645608628666,0.00576184379001288,-0.00227790432801822
"418",0.00693515026158908,0.0015449980687523,0.0047740292807128,0.00273972602739736
"419",0.00217496375060411,0.00617045892788282,-0.00760215394361741,0.0045537340619306
"420",0.000843983602604403,0.00536604062859336,0.00414937759336098,0.00725294650951946
"421",-0.00048186965425856,-0.00076248570339299,0,-0.0063006300630063
"422",-0.00204893334940337,0.00190766882869142,0.00413223140495855,0
"423",-0.00120772946859893,-0.000380807311500475,-0.00063311174422287,-0.000905797101449224
"424",-0.00217654171704962,-0.00152380952380948,0.000633512828634775,0.00181323662737998
"425",0.00218128938439177,-0.000381533765738351,-0.0018993352326685,-0.00361990950226254
"426",0.00169286577992755,0.00381679389312972,0.000634316523945522,0.00408719346049047
"427",0.0007242877836795,0.00646387832699613,-0.00285261489698885,0.00633197648123018
"428",-0.00554885404101335,0.00151114469210434,0.00127145581691024,0.00314606741573042
"429",-0.000727802037845726,0,-0.00158730158730158,0.00403225806451601
"430",-0.00121388686574408,0.000377216144850978,-0.00445151033386326,-0.00312360553324409
"431",0.00850753524550329,0.00829562594268474,0.0025550942190995,0.0035810205908684
"432",0.0001205109664979,-0.00411368735976059,-0.00127429117553357,0.00223015165031204
"433",-0.00988070851909861,-0.00976342470897473,-0.00318979266347696,0.000445037828215478
"434",0.0023122794207131,0.00151687523701183,0.00384000000000007,0.00311387900355875
"435",-0.00704225352112675,-0.00567966679288145,-0.00255020720433541,-0.000886917960088662
"436",-0.00941550501345068,-0.0148514851485149,-0.00543304570150205,-0.000443852640923281
"437",-0.0046907789161833,-0.00541167375338236,-0.00224935732647813,-0.00222024866785087
"438",0.00148827979660182,0.00077730275942467,-0.000322061191626477,0.00133511348464621
"439",-0.00297213622291015,0.00194174757281562,0,0.00622222222222235
"440",-0.000248416345795643,-0.00465116279069766,0.00225515463917536,0.00485865724381629
"441",0.00695738601068463,0.00973520249221194,0.000642880102860843,0.00703296703296696
"442",0.00493522516964839,0.00655611261087552,0.00224863475746861,-0.000872981230903513
"443",0.000982197667280582,0.00344827586206886,0.00865384615384612,0.00305810397553508
"444",0.00392493560652518,0.00229095074455898,0.0190657769304099,0.00174216027874552
"445",0.00256566890653653,0.00609523809523815,0.00249454318677889,0.00608695652173918
"446",0.0132829636851084,-0.000378644452858845,-0.00715396578538097,-0.00432152117545381
"447",0.00974143114852666,-0.00113636363636349,-0.00187969924812037,0.00173611111111116
"448",-0.000595521676989064,-0.00379218809252946,0.000313873195229242,-0.00216637781629103
"449",0.00440948635442751,0.0034259611724401,-0.000627549419516815,0
"450",0.00261034646416713,-0.000379362670713146,-0.00408163265306127,0.00130264871906194
"451",0.000946745562130147,-0.00113851992409875,-0.00472887767969732,0.00216825672159593
"452",0.00496571293449999,0.00151975683890582,0.00221729490022171,0.00216356555603636
"453",-0.00435294117647067,-0.00189681335356606,-0.00158027812895067,0.00259067357512954
"454",0,0.00608133789433674,0.00063311174422287,0.00473729543496981
"455",-0.00259955098664777,0.00377786173026062,0.00189813350205648,-0.00385769395627944
"456",-0.000592346878331873,0.00301091456529923,0.00284180612567098,-0.000430292598967208
"457",-0.00130393551446184,-0.00225140712945582,0.00755667506297231,-0.00387430047352566
"458",0.00284866468842715,-0.00263256863482508,0.00249999999999995,0.000864304235090652
"459",0.00698307492010897,-0.0414781297134238,-0.00249376558603487,0.00561312607944719
"460",0.000470145745181005,0.00432730133752957,-0.00312500000000004,-0.00257621296693855
"461",0.000587406015037484,0.00235017626321965,0.00407523510971797,0
"462",-0.00328754256193498,0.00273544353262989,-0.00156103652825479,-0.00129143349117522
"463",-0.00106019554717873,0.0011691348402183,-0.00375234521575984,0.00344827586206908
"464",0.00129716981132066,-0.00350330868042037,-0.00031387319522902,0.00171821305841924
"465",0.00235543516664705,-0.000781250000000067,0.0109890109890109,0.00128644939965694
"466",-0.00093996005169783,0.000781860828772629,0.0043478260869565,0.000428265524625271
"467",-0.00246971657062223,-0.00312500000000004,-0.0024737167594312,0.00171232876712324
"468",-0.00624852629096895,-0.0129310344827586,0.00402975821450724,-0.005128205128205
"469",-0.000118638035354168,-0.00516077808654236,0.00771843161469588,0.00171821305841924
"470",-0.00213573801613676,-0.0019952114924181,-0.000919117647058876,-0.00300171526586623
"471",-0.00760998810939362,-0.00119952019192326,-0.00827966881324738,-0.00559139784946228
"472",0.000479271507308976,0.00160128102481982,0.000309214594928831,-0.000865051903114145
"473",0.00994011976047893,0.00519584332533962,0.00463678516228749,0.006926406926407
"474",-0.00272738052887467,-0.00278330019880713,0.00184615384615383,-0.00558899398108348
"475",0.000356718192627836,0.00438596491228083,0.0159705159705159,0.00216169476869865
"476",0.014620230595507,-0.000396982929734113,0.0129987908101572,0.002588438308887
"477",-0.00246016869728205,0.00119142176330422,-0.00358102059086829,0.00172117039586928
"478",0.000352319436288884,0.00158667195557305,-0.0218628331835881,-0.00042955326460492
"479",-0.00903968067621519,-0.000396039603960507,-0.00673606858542553,-0.00042973785990541
"480",-0.00852979504798013,-0.00356576862123614,-0.00524044389642397,0.00472914875322439
"481",0.0002389771776794,0.000795228628230671,0.0018593120545396,0.00556268720581943
"482",-0.0137379046708875,-0.00635677393722689,-0.00309310238168892,-0.000425531914893695
"483",-0.00411821705426363,-0.00239904038384653,-0.00868755817561273,0.00808854831843342
"484",0.00486499635125281,-0.00200400801603207,0.002190923317684,0.0088682432432432
"485",-0.0030259017187122,-0.00040160642570275,0.0078076202373516,-0.00837170364169104
"486",-0.0129901663226903,-0.00683005222981126,-0.00588782150604295,-0.00253271422541168
"487",-0.00664206642066412,-0.0084951456310679,-0.00561097256857856,0.00253914515446474
"488",0.00148588410103989,-0.000407996736026206,-0.00125391849529777,0.00168847615027423
"489",0.00741839762611285,0.013469387755102,0.0106716886377904,0.00421407501053506
"490",-0.00699558173784987,0,0.00403726708074514,0.00419639110365089
"491",0.00111234705228025,0,-0.00989792762140429,-0.000835770998746321
"492",0.00975308641975325,0.0036246476037054,0.00531084036238672,0.000836470096194031
"493",-0.010514732852427,-0.00280898876404501,-0.0087010565568677,-0.00334308399498529
"494",0.00234770789571237,0.000402414486921465,-0.00250783699059554,0.011740041928721
"495",-0.000986193293885607,-0.00201126307320998,0.00408548082966687,0.00165768752590156
"496",-0.00197433366238908,0.00322450624748094,0.00438184663536778,-0.00330988829127021
"497",0.00309099901088028,0.000401767778224205,0.00997195387971317,-0.00207555002075555
"498",-0.00283495624306651,-0.00120481927710836,-0.000308546744831828,0.000831946755407653
"499",0.00605686032138442,0.0016083634901487,0,0
"500",-0.00724904779456936,-0.00200722601364911,-0.0024691358024691,-0.00249376558603487
"501",-0.000495049504950384,0.000804505229283992,-0.00247524752475248,0.00166666666666671
"502",0.00978207033184741,0.0012057877813505,-0.00837468982630285,0
"503",0.00588595953402815,0.00401445202729822,0.00312793243665932,-0.00665557404326123
"504",0.00548579787882475,0.00279888044782073,0.0112254443405051,-0.00628140703517577
"505",0.0099418040737147,0.00717703349282317,0.0111008325624422,0.00421407501053506
"506",0.00120048019207686,0.00554235946159931,0.00243976822201875,0.00797314309693675
"507",0.00239808153477195,0.00118110236220481,0.00121691512017041,0.00333055786844305
"508",0.00442583732057411,0.00393236335037361,0.00425402613187487,0.00414937759336098
"509",0.00107181136120049,0.00156678417547984,0.00484114977307115,-0.000413223140495744
"510",-0.00202236497739716,-0.00547516621040289,0.00421559771153279,0.00454733360892923
"511",-0.00691381571105021,-0.0015729453401494,0,0.000411522633744665
"512",0.00840235265874445,0.00590783773139036,0.00689655172413794,0.0041135335252982
"513",0.00678490655874286,0.00195771339075956,0.012805241215009,0.00819336337566567
"514",0.00271931898794042,0.00586166471277827,0.00323434284034096,0.000406338886631552
"515",0.00389105058365757,0.00505050505050519,0.00762016412661204,-0.00324939073923647
"516",0.0115104533709185,0.00695786625434858,0.00407213496218728,0.00692746536267319
"517",0.00963771481653497,-0.000383877159309098,0.00955967555040549,-0.00242816673411583
"518",0.00759056929269697,0.00460829493087567,0,-0.00324543610547656
"519",0.0063919643876269,0.00420489296636073,0.00631276901004307,0.00773300773300778
"520",-0.0112283089486219,0.00152264940997338,0.00598802395209574,0.00363489499192249
"521",0.00573526038082139,0.00760167236792109,-0.0034013605442178,-0.0028169014084507
"522",-0.00467609489051102,-0.00226329686910609,0.00511945392491486,-0.000403551251008993
"523",-0.0198235361521713,0.0109640831758033,0.00481041312959807,0.0109002825999192
"524",-0.00759878419452897,-0.00523560209424068,-0.0188679245283018,-0.00319488817891367
"525",-0.0051831782306514,-0.00977443609022566,-0.00401836969001146,-0.0112179487179488
"526",0.00935464772054462,0.00531511009870922,0.00518731988472632,0.0052674230145866
"527",-0.00598310652275913,-0.00679758308157097,0.000573394495412716,-0.00483675937122119
"528",-0.0175852708603801,-0.0167300380228137,-0.000573065902578662,-0.0202511138112597
"529",-0.0403652090341182,-0.0320959010054137,-0.00917431192660556,-0.034311699049194
"530",0.0150225338007011,0.0151817818617659,0.00376157407407396,0.00556506849315075
"531",-0.00703009373458308,-0.00039354584809137,-0.0392043816661862,0.000851426138782641
"532",-0.0255868836169421,-0.018503937007874,-0.0558055805580558,-0.0284985112717993
"533",0.0159337157425112,0.0108303249097472,0.00190657769304114,0.0113835376532401
"534",0.0224592220828104,0.0154761904761904,0.0320329844592451,0.0268398268398267
"535",-0.0057675788440299,0.0011723329425557,0.00245851259987706,-0.00210792580101171
"536",0.00987410515921994,0.00624512099921937,0.0134886572654815,0.00422475707646797
"537",0.00904424346125654,0.00620636152055853,0.00877192982456143,0.0151451409339503
"538",0.0026647286821706,0.00269853508095608,0.00239880059969999,0.0111893907998342
"539",-0.0140130466296207,-0.0073048827374087,-0.0218366736464253,-0.0196721311475409
"540",-0.0100465572163686,-0.00348567002323774,-0.00856269113149855,-0.0125418060200669
"541",0.0033415841584159,-0.000777302759424781,-0.0018507094386182,0.000423370025402159
"542",0.00962131491303819,0,0.00278121137206444,0.007617435463394
"543",0.00244349419670131,0.00155581485803191,0.0117103235747302,-0.00503989920201586
"544",0.00645947592931151,0.00970873786407767,-0.00182759671032573,0.0105529759392149
"545",0.00375393557762171,-0.00115384615384617,0.00457735733902953,0.00459482038429404
"546",0.0137531668476294,0.00423565652676161,0.00850546780072903,0.0182952182952183
"547",0.00606926097822202,0.00230061349693256,-0.00301204819277112,0
"548",-0.00319375443577019,0,-0.0105740181268883,-0.00612494895875859
"549",-0.00177999288002839,-0.00382555470543233,0.00458015267175571,-0.00205423171733776
"550",-0.00760817879220166,0.00230414746543794,-0.0024316109422492,-0.00658707286949367
"551",0.00443219932918049,0.00306513409961684,-0.00853138330286418,0.000828843762950671
"552",-0.00429338103756705,-0.00305576776165006,0.00153657037492327,-0.0111801242236025
"553",0.00407234399329259,0.00306513409961684,0.0104326480515495,0.00167504187604695
"554",0.00214720267207458,0.00305576776165029,-0.0139690252049803,-0.00125418060200677
"555",-0.0232115224378051,-0.0182787509520183,-0.0344933785032336,-0.0301381331100878
"556",-0.00194979283451124,0.00465477114041879,-0.00510366826156305,-0.0120845921450151
"557",0.0153846153846153,0.00772200772200793,0.016030779095864,0.0244648318042813
"558",-0.00841750841750843,-0.0049808429118775,-0.0123067213632061,-0.0191897654584221
"559",-0.00545719136551037,-0.00346553715825948,-0.0105431309904154,-0.00173913043478258
"560",0.0109742714303134,0.00309119010819181,0.0171133354859543,0.0152439024390243
"561",-0.000241225425159808,0,0.00126984126984131,0.0064350064350065
"562",-0.0063940161660031,0.00231124807395999,0.0038046924540267,-0.0106564364876386
"563",-0.0121418164157358,-0.00422751729438886,-0.0129500947567909,-0.00904782421370098
"564",0.00786627335299905,-0.000385951370127424,0.00224000000000002,0.00304347826086948
"565",0.00682926829268293,0.00115830115830118,0.00446998722860803,0.00346770697876031
"566",0.00448158914728691,0.0050134978789047,0.0168467895740623,0.00518358531317498
"567",-0.00482334498975046,-0.000767459708365337,-0.00187558612066263,0.00085947571981082
"568",0.000605840300496707,-0.00115207373271875,-0.00344503601628565,0.0072992700729928
"569",-0.00411721966577872,-0.00576701268742796,-0.0128849780012571,0.00042625745950553
"570",-0.00790369649805434,-0.00425367362722351,-0.00859598853868193,0.00937366851299548
"571",0.00159333251623961,-0.00155339805825239,-0.0150931278098908,0.0075981426762346
"572",0.00893294175232495,0.00272267600155573,0.0149983697424192,0.00335148722245493
"573",-0.0203759854457247,0.000775795190069761,-0.00578220366206228,-0.00626304801670141
"574",-0.00866658412777022,-0.00426356589147281,-0.00129240710823908,-0.00252100840336145
"575",-0.00649431747221174,-0.00544959128065392,0.0148819152377873,0.00294860994102786
"576",-0.00578252671275914,-0.0113502935420743,0,-0.0134397312053759
"577",0.00101150587937782,-0.00118764845605701,-0.00765062161300611,0.00851426138782463
"578",-0.00151572565365676,-0.00475624256837104,-0.0138130420815933,0.00506542845082292
"579",0.00822264389626826,0.00278773397052978,0.0104234527687297,0.00167996640067214
"580",0.000501882057716285,0.0059571088165209,-0.00644745325596385,-0.00587002096436062
"581",-0.0135440180586908,-0.0043426766679826,-0.0022712524334848,-0.00674820750738081
"582",-0.000508517670988917,-0.00198255352894516,0.00682926829268293,-0.00339702760084937
"583",0.00826761638259965,0.00317838696861328,0.00645994832041352,0.016190881976992
"584",0.00769521887220881,0.00435643564356436,0.014762516046213,0.00293501048218037
"585",0.00650976464697051,0.00157728706624605,0.0047438330170777,0.00292642140468224
"586",0.00223880597014925,0.00393700787401574,0.00283286118980164,0.0137557315548147
"587",0.0100521221146688,0.00196078431372548,0.00251098556183305,0.0032894736842104
"588",0.0106892738665685,0.00782778864970646,0.00469630557294942,0.00450819672131164
"589",-0.00340384147823969,0.000776699029126249,-0.00093487067622311,-0.0016319869441046
"590",-0.00378141010002442,0.00659681800543277,0.00155957579538346,-0.00286064568859834
"591",-0.0024488796375659,0.00616808018504234,-0.00436001245717843,0.00327868852459035
"592",-0.0050325273106665,0.00344827586206886,-0.00375351892399112,0.002859477124183
"593",0.0107327905255368,0.00725467735776997,0.0178963893249608,0.00162932790224035
"594",0.00109849871841794,0.0003790750568613,-0.00647748303516349,0.00162667751118328
"595",-0.00524262375030471,0.000757862826828326,-0.00838248990996582,-0.004060089321965
"596",-0.00110307635739681,-0.00113593335857631,-0.00876643706950531,0.00285364859355886
"597",0.00404907975460111,0,-0.00315855969677836,0.00203252032520318
"598",0.00366613711352803,-0.00113722517058368,-0.000316856780735009,-0.000811359026369196
"599",-0.00535736028247902,-0.000759013282732535,-0.00602218700475443,-0.00203004466098256
"600",-0.0134655404578283,-0.0110140524116976,-0.0178571428571428,-0.00976403580146457
"601",0.00161310336270004,0.00614439324116733,0.00551948051948048,0.0102711585866886
"602",0.00607036669970262,0.00610687022900769,0.00161446561188239,-0.00569337128914194
"603",0.014037680088659,0.00796661608497717,0.00128949065119266,0.00531697341513282
"604",0.00145719489981788,0.00263455024463677,0.0048293625241469,0.00122050447518318
"605",0.00715411664847831,0.00450450450450446,0.00512656199935924,0.000812677773262882
"606",0.00180592342884656,0,0.00414408670704502,0.00771416971173378
"607",-0.00312462444417727,-0.00186846038863975,-0.013968253968254,0.00201450443190976
"608",-0.00433996383363466,-0.00224634968176718,-0.00386349001931741,0.00120627261761141
"609",-0.00435888122048678,-0.00150093808630392,0.00517129928894633,0.00401606425702816
"610",0.00632372613401433,-0.00150319428786172,0.00257234726688105,0.00239999999999996
"611",-0.00821752265861031,-0.00489273616861119,-0.00320718409236698,-0.00159616919393457
"612",-0.00718898501279386,-0.00529500756429657,-0.000965250965250908,0.00279776179056745
"613",-0.00822287677957778,-0.00760456273764254,-0.0183574879227053,-0.00318852132323633
"614",0.0032174235861897,-0.00229885057471269,-0.0213254593175853,0.00399840063974399
"615",0.00357715554459115,0.00268817204301075,0.0100569896077773,0.00716845878136207
"616",-0.00811209439528016,-0.0076599004212945,-0.0102887487553932,-0.00711743772241991
"617",0.00223048327137532,-0.00385951370127369,0.00167672702883981,-0.00159299084030262
"618",-0.00655291790306634,-0.00813638124757832,-0.0301305657850687,-0.00717989629038696
"619",0.00211574362165523,0.00273437499999996,-0.00897480151881247,0.00241060666934501
"620",-0.00620963735717839,-0.00934943513829378,-0.0153256704980843,-0.0012024048096192
"621",0.00999750062484384,0.0058985450255602,0.00389105058365757,0.0032102728731942
"622",0.008537490720119,0.00430023455824879,-0.00563777307963353,-0.00319999999999998
"623",-0.00417126732916206,-0.00661736084079412,-0.0294117647058822,0.0052166934189406
"624",0.00172477516323766,-0.000783699059561105,0.0094925155166119,-0.00598802395209586
"625",-0.00442749969253475,-0.00431372549019604,-0.00216998191681728,0.00481927710843388
"626",-0.00333539221741808,-0.00630169358014965,-0.00616165277274372,0.00319744204636296
"627",0.0174764501735249,0.011097899326199,0.0262582056892779,0.00916334661354568
"628",0.00523815324643673,0.00470403763230087,0.00995024875621886,0.00434267666798283
"629",-0.0119970916141541,-0.00429184549356221,-0.019704433497537,-0.00275157232704404
"630",0.0109162271556482,0.00156739811912221,0.0165111270638909,0.00630666141111558
"631",0.00849308420286343,0.0078247261345854,0.0105932203389831,0.00548374461417933
"632",0.000842155919152932,0.00543478260869557,-0.00593990216631735,0.00233735878457342
"633",-0.00685178507032091,0.00308880308880322,-0.00984182776801401,-0.000388651379712446
"634",0.00750423626240604,0.00808314087759809,0.00319488817891367,0.00349922239502343
"635",0.00420470927438732,0.00267277586865222,-0.00813871196036797,0.00309957380860149
"636",0.0106472066036607,-0.00266565118050266,-0.00998929718159114,-0.00193124758594054
"637",-0.00106534090909094,0.00114547537227949,0.0259459459459459,-0.00464396284829727
"638",0.00189595923687635,0.00419527078565984,0.0228310502283107,0.00816485225505437
"639",0.00201064458900069,0.00531712875047474,0.00137362637362637,0
"640",0.00365911237016059,0.00340007555723454,-0.00548696844993146,0.0026995757809487
"641",0.00599788310008242,0.0105421686746989,-0.00758620689655165,0.00384615384615383
"642",0.00163666121112938,0.00633383010432187,-0.00347463516330793,-0.010344827586207
"643",-0.00291783380018673,0.00185116623472781,-0.000697350069735037,0.000774293457220354
"644",0.00655507432986058,0.00739098300073926,0.00348918353105376,0.00348162475822056
"645",-0.00593092220025571,-0.00440205429200302,-0.036509040333797,-0.000771010023130292
"646",0.00070191857744506,0.000736919675755399,-0.00757849151930712,0.00578703703703698
"647",0.00315641805003497,0.00736377025036816,-0.00981818181818184,0.00230149597238194
"648",-0.00244726721827304,0.00292397660818722,-0.00220345207491734,0.00382701875239189
"649",0.00712616822429912,0.0065597667638484,0.0154582259845417,0.00266869996187569
"650",-0.0018559331864052,-0.00398262128892102,0.00471185212033332,0.000760456273764198
"651",-0.00220801859384079,0.00109051254089421,0.00505050505050497,-0.00303951367781163
"652",-0.0189843931982296,-0.0108932461873639,-0.0204594400574301,-0.00342987804878048
"653",0.00130594799952499,0.00146842878120412,0.00622938805423234,0.000382409177820398
"654",-0.00699549442731806,-0.00586510263929618,-0.0160233066278224,0.0053516819571866
"655",-0.0025074626865671,-0.00479351032448383,-0.00999259807549957,-0.00418250950570342
"656",0.00335168781422057,0.00778065950351992,0.00523364485981315,0.00534555173730422
"657",0.000477213075638305,-0.000735294117647056,-0.00706582372629239,0.00341815419673397
"658",0.00632005723825424,0.000735835172921195,0.0179775280898877,0.000757002271006835
"659",0.00331792866453373,0.00294117647058822,0.0033112582781456,-0.00189107413010592
"660",0.00295263965985582,0.0003665689149559,-0.00586725339200589,0.00378931413414163
"661",-0.00188412623645784,-0.00439721509710511,0.00258207303578017,-0.000377500943752329
"662",0.00660689004247272,0.00588884799411105,0.0228108903605593,0.00868580060422963
"663",0.010548523206751,0.00658616904500553,0.0104316546762591,0.00673904904530143
"664",0.00927858965437256,0.00254452926208648,-0.00355998576005701,-0.00223131275567134
"665",0.00976786945529784,0.00398839738941281,-0.00785994998213646,0.00447260529258298
"666",-0.0126322977125298,-0.00108342361863489,-0.00756211739287005,-0.0025974025974026
"667",0.000230520977408943,0.00253073029645701,-0.00725689404934682,0.00148809523809534
"668",-0.000460935699470033,-0.00288496213487199,0.0040204678362572,-0.000371471025260139
"669",0.00322803781415737,-0.0018083182640144,0.00291226792864951,-0.0011148272017838
"670",-0.00563088945070089,-0.00797101449275373,-0.0105263157894736,-0.00223214285714279
"671",-0.00369813937362773,-0.00803506208911609,-0.00550256786500369,-0.00521998508575694
"672",-0.00289989560375825,-0.0158321060382915,-0.00442641091848028,-0.000749625187406289
"673",-0.00360632852489517,-0.00299289188178087,-0.003705075954057,0.00262565641410362
"674",-0.00233508464681853,0.00112570356472808,-0.0111565637783563,0.00411522633744843
"675",-0.00257460503218254,0.0078710644677662,0.00864986837156834,-0.000372578241430777
"676",0.0100903437756659,0.0148754183711417,0.00782997762863546,0.00409988818486773
"677",-0.00104541758624699,0.00659582264565772,-0.0066592674805771,0.00111358574610243
"678",-0.00616279069767445,-0.00436840189297405,-0.00260707635009316,-0.00630329996292167
"679",0.00620100620100628,0.0021937842778792,0.0257654966392831,0.00522388059701484
"680",0.000465116279069866,-0.000729660707770918,0.00473243538405543,0.00222717149220486
"681",0.00418410041841,0,0.0126811594202898,0.00777777777777788
"682",0.00648148148148131,0.00365096750638916,0.00572450805008939,-0.00698272693862556
"683",-0.000804967801287915,-0.00327391778828667,0.0124510850231234,0.000740192450036981
"684",0.00345264127057199,-0.00218978102189782,-0.00491918482080111,-0.00480769230769229
"685",0.000229384103681562,-0.002194586686174,0.00282485875706207,-0.0011148272017838
"686",0.000687994496044064,0.00219941348973607,-0.000704225352112675,0.00446428571428581
"687",-0.010312822275696,-0.00512070226773964,-0.0109231853417899,-0.000740740740740709
"688",-0.0042838948709043,-0.00698529411764692,-0.00712504453152829,0.00148257968865817
"689",-0.0120930232558141,-0.009626064420585,-0.0125583064226767,0.00148038490007396
"690",-0.0142419962335216,-0.0108411214953271,-0.00799418604651159,-0.00110864745011074
"691",-0.0105074626865671,0,0.0106227106227106,-0.00554938956714768
"692",0.00301677325932181,-0.00642479213907787,-0.00797390358825656,0.00223214285714302
"693",-0.0541385948026949,-0.0498288322556104,-0.0339788089148703,-0.0382331106161842
"694",0.00178071737471375,-0.00160128102481982,-0.00567322239031776,-0.00501736781165574
"695",0.00101574403250382,0.0096230954290295,0.00114111829593,-0.00193948797517463
"696",0.0026636225266361,0.00555996822875304,-0.00493920972644368,-0.00116595413913723
"697",0.011258697027198,0.0114533965244865,-0.00496372661321121,0.0167315175097276
"698",-0.00838128596447341,-0.00468566966028894,-0.0107444359171143,0.00114810562571765
"699",-0.0085782767755771,-0.00431541781090616,-0.00775795190069828,-0.00764525993883791
"700",0.00038172795521052,0.0130023640661938,0.0496481626270524,-0.00462249614791987
"701",-0.00712286949885532,-0.05950991831972,0.0052141527001861,-0.00619195046439625
"702",-0.0102485267742761,-0.0053763440860215,-0.00222304557243413,-0.00233644859813076
"703",-0.0200621278798863,-0.0191268191268191,-0.0226513182324545,-0.0265417642466823
"704",-0.00581164971602166,-0.00466299279355653,0.0113981762917934,0.00200481154771448
"705",0.00531420220539403,-0.00681431005110733,-0.0161532682193839,-0.00360144057623046
"706",0.00317166644641209,0.00128644939965694,-0.00992745322642241,-0.00120481927710836
"707",0.0172572783559479,0.0154175588865095,0.0115696104897802,0.00924809006835536
"708",0.0130795130795132,0.0126528890763391,0.019443385436523,0.0123505976095617
"709",0.00281222037581497,0.00541441066222403,0.0138369483919223,0.001180637544274
"710",-0.00637348629700452,-0.000828500414250199,-0.00295094061232015,-0.00904088050314467
"711",0.000384862091084015,-0.000414593698175869,-0.00554938956714768,0.00872669575565244
"712",0.00538599640933568,0.00290335960182508,0.00930059523809534,0.012190326386158
"713",0.00637755102040827,0.00868486352357323,-0.00294876520457055,0.0132090132090132
"714",-0.0138149556400508,-0.00820008200082001,-0.0221811460258781,-0.00306748466257667
"715",0.00244184552114124,0.000826787928896122,0,-0.00269230769230766
"716",-0.0193589743589744,-0.0152829409334986,0.00491493383742903,-0.0185113767836483
"717",0.010066675382403,0.011744966442953,0.00827689992475555,0.000392927308447977
"718",0.00129433083096031,0.000414593698175647,-0.0014925373134328,-0.00981932443047917
"719",-0.00284384694932782,0.00621632822213014,0.0104633781763825,0.00634668782229264
"720",-0.00453720508166966,0.00411861614497511,0.00184911242603558,0.00394166338194712
"721",-0.00859486912358398,-0.00615258408531583,-0.00590623846437799,-0.0157047506870828
"722",-0.00709313017207402,-0.00990507635163029,-0.0089119940586706,-0.012764260071799
"723",0.00449794946421478,0.00125052105043766,0,0.00121212121212122
"724",-0.00790201501382859,-0.00416319733555359,-0.00899213188460102,-0.00322841000807106
"725",0.0131421744324969,0.00710702341137126,-0.00529300567107749,0
"726",-0.00943396226415094,-0.00166044001660437,-0.0011402508551881,0.0068825910931174
"727",0.0117724867724869,0.00540540540540535,0.00228310502283091,0.00844390832328101
"728",0.0126813962609491,0.010752688172043,0.006074411541382,0.0135566188197769
"729",-0.00438936225148445,0.00122749590834692,-0.00905660377358486,0.00118017309205332
"730",0.0190612033195021,0.0138945647731916,0.0316070068545315,0.0200392927308448
"731",-0.00381727955210587,0.00241837968561076,0.00295311923218899,-0.00924499229583986
"732",-0.0183931536594714,-0.0116606353035787,-0.00257637099742369,-0.0198289269051322
"733",-0.0216005204944697,-0.0154597233523189,-0.0136531365313654,-0.0103133677112258
"734",0.00478787072749043,0.00165289256198342,-0.00299289188178087,0.00721442885771539
"735",-0.0128391793514229,-0.00660066006600657,-0.0131332082551594,-0.0282530839633902
"736",0.00294985250737456,0.00290697674418605,-0.00114068441064641,0.00573300573300561
"737",0.013903743315508,0.00579710144927548,0.00761324704986666,0.00529315960912058
"738",0.00566983122362852,0.00370522848909016,0.0158670192670949,0.00567031186715261
"739",-0.0140291071194439,-0.00410172272354381,-0.00929713648196351,-0.00966572694321377
"740",0.0075797872340424,0.000411861614497466,-0.00638138138138145,-0.00976006506710037
"741",-0.00607100435528563,-0.0098806093042404,-0.00982244049867764,-0.0172484599589323
"742",0.00584251759394494,0.00332640332640333,-0.00457840518885921,-0.00417885499373183
"743",-0.00739273927392747,-0.000414421881475224,-0.0164814105021081,-0.0172052035249683
"744",-0.00465487431839329,-0.00207296849087901,-0.0120810600155884,-0.0145175064047823
"745",-0.00120256547300912,0.00332363938512659,-0.0106508875739646,-0.00649913344887343
"746",-0.00107023411371232,0.000414078674948248,0.00677830940988833,-0.00915830789358918
"747",-0.0147314852015537,-0.0107615894039735,-0.0138613861386139,-0.00924295774647876
"748",0.00407774908250658,-0.00292887029288702,0.0104417670682733,-0.0168813860506443
"749",0.0127250575335047,0.00545530843474618,0.00556438791732905,0.0370537731586082
"750",0.00534687875952411,-0.001669449081803,-0.00237154150197638,0.00915032679738559
